file,status,shipment_type,method,ocr_time_sec,time_sec,item_rows,total_tokens,cost_inr,warnings
100000176 IN.pdf,ok,export,2d_layout_canvas,0.0,61.79,1,18271,0.4551,0
"KA2627I000431,33.pdf",ok,export,2d_layout_canvas,0.0,91.21,1,20597,0.5116,0
KA2627I010567INV.pdf,ok,export,2d_layout_canvas,0.0,96.4,1,22731,0.5469,0
KA2627I016909-910 INV.pdf,ok,export,2d_layout_canvas,0.0,88.91,1,25336,0.6665,0
KA2627I033552INV 1.pdf,ok,export,2d_layout_canvas,0.0,51.23,1,18338,0.3853,1
KA2627I035170INV 1.pdf,ok,export,2d_layout_canvas,0.0,57.85,1,18972,0.4068,0
KA2627I037597INV 1 1.pdf,ok,export,2d_layout_canvas,0.0,72.31,1,20504,0.4644,0
KA2627I037945INV COPY 1.pdf,ok,export,2d_layout_canvas,0.0,64.81,1,16999,0.3868,0
Sample Payment Claim KA 2627 I 035339 1.pdf,ok,export,2d_layout_canvas,0.0,74.27,1,21939,0.4244,0
Sample Payment Claim KA 2627 I 036872 1.pdf,ok,export,2d_layout_canvas,0.0,70.69,1,23111,0.4638,0
